876,1905,102,102,610,27.03,513,545,414,0.005,0.005,0.041,0,1108
876,1905,102,102,610,19.03,0,535,527,0,0.005,0.041,0,1017
876,1905,102,102,610,28.89,495,0,527,0.005,0,0.041,0,699
876,1905,102,102,610,21.24,496,496,529,0.005,0.003,0.041,0,876
401,1905,102,102,610,25.72,501,531,539,0.005,0.005,0.041,0,1140
1829,1905,102,102,610,23.44,496,527,489,0.005,0.005,0.041,0,886
599,1120,50,120,150,18.44,294,294,383,0.003,0.003,0.042,0,173
599,1120,50,120,150,18.44,294,294,383,0.003,0.003,0.042,0,184
599,1120,50,120,150,16.09,294,294,383,0.003,0.003,0.042,0,210
599,1120,50,120,150,14.81,294,294,383,0.003,0.003,0.042,226,335
599,1120,50,120,150,14.81,294,294,383,0.005,0.005,0.042,0,235
599,1120,50,120,150,15.3,294,294,383,0.005,0.005,0.042,225,304
599,1120,50,120,150,15.3,294,294,383,0.005,0.005,0.042,452,282
1199,2720,80,320,320,19.71,353,353,363,0.008,0.007,0.017,0,931
1199,2720,80,320,320,25.89,353,353,363,0.008,0.007,0.017,0,1030
1199,2720,160,320,320,29.42,339,339,363,0.006,0.006,0.017,0,1554
1199,2720,80,320,320,23.83,353,353,272,0.008,0.007,0.065,0,1495
1199,2720,160,320,320,29.23,339,339,272,0.006,0.006,0.065,0,2310
1750,2250,80,250,250,25.99,624,624,359,0.005,0.005,0.008,375,654
1750,2250,80,250,250,24.61,624,624,359,0.001,0.002,0.008,375,522
1750,2250,50,250,250,24.61,624,624,359,0.002,0.003,0.008,375,467
749,2250,50,250,250,25.99,624,624,359,0.008,0.008,0.008,375,783
1700,1700,160,160,170,23.2,487,483,487,0.013,0.007,0.021,544,725
1700,1700,160,160,170,23.2,487,483,487,0.013,0.007,0.021,544,735
1700,1700,160,160,170,21,487,436,436,0.011,0.007,0.021,544,650
1700,1700,160,160,170,21,487,436,436,0.011,0.007,0.021,544,670
1700,1700,100,100,170,24.1,487,413,487,0.008,0.019,0.008,437,465
1700,1700,100,100,170,24.1,487,413,487,0.008,0.019,0.008,437,440
1700,1700,100,350,100,22.1,487,435,487,0.008,0.011,0.019,437,600
1700,1700,100,350,100,22.1,487,435,487,0.008,0.011,0.019,437,615
700,600,30,100,100,26.3,293,293,294,0.002,0.002,0.025,0,54
700,600,30,100,100,25.7,293,293,294,0.002,0.002,0.025,32,73
700,600,30,100,100,26,293,293,294,0.002,0.002,0.025,64,82
700,600,30,100,100,25.7,293,293,294,0.002,0.002,0.025,128,92
700,600,30,100,100,18.6,262,262,294,0.002,0.002,0.025,0,38
700,600,30,100,100,18.6,262,262,294,0.002,0.002,0.025,0,36
700,600,30,100,100,30.5,293,293,294,0.002,0.002,0.025,64,60
700,600,30,100,100,29.6,293,293,294,0.002,0.002,0.025,128,84
1700,1700,160,160,170,18.3,415,407,415,0.011,0.005,0.057,544,930
1700,1700,160,160,170,20.8,420,407,420,0.006,0.005,0.025,544,700
1700,1700,160,160,170,13.7,420,407,420,0.006,0.005,0.025,544,630
150,430,30,30,150,22.4,382,382,382,0.004,0.004,0.007,0,21
150,430,30,30,150,16.9,382,382,382,0.004,0.004,0.007,0,18
150,430,30,30,150,16.9,333,333,382,0.004,0.004,0.007,0,20
150,430,30,30,150,16.9,382,382,382,0.004,0.004,0.007,0,23
150,430,30,30,150,16.1,382,382,382,0.004,0.004,0.007,0,19
150,430,30,30,150,16.1,382,382,382,0.004,0.004,0.007,0,21
150,430,25,30,145,26.5,402,402,402,0.005,0.004,0.007,0,29
150,430,23,30,145,17.9,402,402,402,0.005,0.005,0.007,0,25
150,430,25,30,145,17.9,323,323,402,0.005,0.004,0.007,0,27
150,430,20,30,145,15.4,323,323,402,0.006,0.006,0.007,0,27
150,430,23,30,145,19.9,323,323,402,0.007,0.007,0.007,0,30
400,430,23,30,145,14.2,407,407,407,0,0,0.015,0,19
400,430,27,30,145,14.2,402,402,407,0.004,0.004,0.015,0,25
400,430,24,30,145,14.2,323,323,407,0.004,0.005,0.015,0,24
400,430,22,30,145,16.2,323,323,407,0.005,0.005,0.015,0,20
400,430,16,30,145,13.8,323,323,407,0.007,0.007,0.015,0,20
400,430,22,30,145,17.9,323,323,407,0.007,0.007,0.015,0,25
400,430,22,30,145,16.8,323,323,407,0.007,0.007,0.015,0,26
330,430,24,30,145,23.9,323,323,407,0.005,0.005,0.015,0,27
330,430,23,30,145,16.2,323,323,407,0.005,0.005,0.015,0,27
330,430,23,30,145,15.7,323,323,407,0.005,0.005,0.015,0,26
330,430,21,30,145,16.4,323,323,407,0.005,0.005,0.015,0,25
230,420,20,60,60,13.7,343,343,343,0,0,0.018,0,37
230,420,20,60,60,13.7,323,323,343,0.005,0.005,0.018,0,50
230,420,20,60,60,19.1,334,334,334,0,0,0.032,0,38
230,420,20,60,60,18,334,334,334,0,0,0.032,0,38
230,420,20,60,60,19.1,323,323,334,0.005,0.005,0.032,0,44
230,420,20,60,60,18,323,323,334,0.005,0.005,0.032,0,49
230,420,20,60,60,16.7,294,294,294,0,0,0.046,0,36
230,420,20,60,60,15.2,294,294,294,0,0,0.046,0,35
230,420,20,60,60,15.2,294,294,294,0,0,0.046,0,33
230,420,20,60,60,29.4,372,372,294,0.003,0.003,0.031,0,46
150,430,30,150,30,22.4,382,382,382,0,0,0.007,0,25
150,430,24,145,30,18.6,323,323,402,0.007,0.007,0.007,0,28
960,1000,40,80,80,15.8,237,237,242,0.003,0.003,0.008,0,46
960,1000,40,80,80,15.8,237,237,242,0.005,0.005,0.008,0,52
960,1000,30,80,80,12.3,237,237,237,0.004,0.004,0.038,0,76
960,1000,30,80,80,12.3,237,237,237,0.006,0.006,0.038,0,72
800,900,100,100,100,30,224,224,224,0.001,0.001,0.05,0,254
800,900,100,100,100,28.6,224,224,224,0.001,0.001,0.05,0,204
800,900,70,100,100,29.4,280,224,224,0.005,0.001,0.05,0,294
800,900,70,100,100,29.3,280,224,224,0.005,0.001,0.05,0,282
800,900,40,100,100,29.1,280,224,224,0.01,0.002,0.05,0,231
800,900,40,100,100,28.6,280,224,224,0.01,0.002,0.05,0,210
800,900,40,100,100,29.2,224,280,224,0.002,0.01,0.05,0,210
800,900,40,100,100,28.6,224,280,224,0.002,0.01,0.05,0,207
1199,2301,75,250,250,32.95,335,335,467,0.002,0.002,0.026,0,931
1199,1549,80,250,250,17.36,485,485,467,0.002,0.002,0.026,0,608
1199,2301,78,250,250,23.24,335,335,467,0.002,0.002,0.026,0,966
1325,1550,80,250,250,17.3,485,485,485,0.002,0.002,0.026,0,620
1325,2300,78,250,250,23.2,335,335,335,0.002,0.002,0.026,0,985
1325,2300,75,250,250,32.9,335,335,335,0.002,0.002,0.026,0,950
1325,1855,80,80,155,17.3,485,485,485,0.002,0.002,0.032,0,350
1325,1855,80,80,155,17.3,485,485,485,0.002,0.002,0.005,0,135
1325,1855,80,250,250,17.3,485,485,485,0.002,0.002,0.026,0,480
1199,2301,74,250,250,24.12,549,549,419,0.002,0.002,0.025,0,834
1199,2301,83,250,250,25.2,461,461,419,0.001,0.001,0.025,0,804
1450,2300,74,250,250,24.1,549,549,545,0.002,0.002,0.025,0,850
1450,2300,83,250,250,25.2,461,461,545,0.001,0.001,0.025,0,820
900,507,67,107,120,30.2,296,296,296,0.019,0.02,0.04,0,103
900,507,67,107,120,31.4,296,296,296,0.019,0.02,0.083,0,165
900,507,67,107,120,29.9,296,296,296,0.026,0.025,0.04,0,111
900,507,67,107,120,32.1,296,296,296,0.026,0.025,0.083,0,178
860,1000,60,60,80,23.5,433,433,433,0.002,0.002,0.053,0,104
860,1000,60,60,80,23.5,433,433,433,0.008,0.007,0.059,0,150
860,1000,60,60,80,23.5,433,433,433,0.004,0.004,0.083,0,138
860,1000,60,60,80,23.5,433,433,433,0.008,0.007,0.089,0,162
860,1000,60,60,80,23.5,433,433,433,0.012,0.012,0.089,0,178
860,1200,60,60,120,24.5,433,433,433,0.002,0.002,0.035,0,163
860,1200,60,60,120,24.5,433,433,433,0.008,0.008,0.039,0,240
860,1200,60,60,120,24.5,433,433,433,0.004,0.004,0.055,0,224
860,1200,60,60,120,24.5,433,433,433,0.008,0.008,0.059,0,265
860,1200,60,60,120,24.5,433,433,433,0.012,0.012,0.059,0,280
860,1600,60,60,160,25.5,433,433,433,0.002,0.002,0.027,0,203
860,1600,60,60,160,25.5,433,433,433,0.008,0.008,0.029,0,328
860,1600,60,60,160,25.5,433,433,433,0.004,0.004,0.044,0,325
860,1600,60,60,160,25.5,433,433,433,0.008,0.008,0.044,0,390
860,1600,60,60,160,25.5,433,433,433,0.012,0.012,0.047,0,430
1049,2301,80,300,300,34.03,412,412,379,0.012,0.012,0.01,719,1658
1049,2301,80,300,300,29.52,412,412,379,0.006,0.006,0.01,709,1179
1049,2301,80,300,300,39.71,412,412,379,0.008,0.008,0.01,709,1475
1049,2301,80,300,300,33.63,412,412,379,0.016,0.016,0.014,710,1677
1049,2301,80,300,300,34.62,412,412,374,0.02,0.02,0.018,718,1823
1049,2301,80,300,300,31.77,412,412,379,0.012,0.012,0.01,1423,1515
650,2301,80,300,300,33.05,412,412,379,0.012,0.012,0.01,710,1617
1450,2301,80,300,300,33.44,412,412,379,0.012,0.012,0.01,718,1343
749,2121,120,120,500,35.2,369,369,369,0.013,0.013,0.048,706,2657
749,2121,120,120,500,38.15,369,369,369,0.009,0.009,0.048,698,2511
749,2121,120,120,500,35.79,369,369,369,0.017,0.017,0.048,713,2511
749,2121,120,120,500,35.79,369,369,369,0.013,0.013,0.048,350,2481
749,2121,120,120,500,40.4,369,369,369,0.013,0.013,0.048,706,2668
1750,2121,120,120,500,33.14,369,369,369,0.013,0.013,0.048,701,1755
1750,2121,120,120,500,33.93,369,369,369,0.013,0.013,0.048,355,1648
749,2121,150,120,500,24.81,369,369,369,0.011,0.011,0.048,830,2187
1750,2121,150,120,500,25.89,369,369,369,0.011,0.011,0.048,830,1814
2200,2149,150,150,1000,43.1,422,422,422,0.005,0.005,0.023,1155,2250
1400,2149,150,150,1000,38,296,296,296,0.008,0.008,0.008,1155,1680
1400,2149,150,150,1000,35.8,422,422,422,0.006,0.006,0.006,1155,1740
1400,2149,150,150,1000,35,528,528,528,0.005,0.005,0.005,1155,1740
1001,2149,150,150,1000,40.1,296,296,296,0.008,0.008,0.008,1155,2100
1001,2149,150,150,1000,41,422,422,422,0.006,0.006,0.006,1155,2190
2200,2149,150,150,1000,36.3,296,296,296,0.012,0.012,0.058,1155,2490
2200,2149,150,150,1000,34.4,422,422,422,0.009,0.009,0.045,1155,2490
2200,2149,150,150,1000,37.2,528,528,528,0.007,0.007,0.036,1155,2430
1400,2149,150,150,1000,24.5,296,296,296,0.012,0.012,0.012,1155,1800
1400,2149,150,150,1000,27.8,422,422,422,0.009,0.009,0.009,1155,1830
1400,2149,150,150,1000,39.3,296,296,296,0.012,0.012,0.012,1155,1890
1400,2149,150,150,1000,38.8,422,422,422,0.009,0.009,0.009,1155,2040
1400,2149,150,150,1000,37.5,528,528,528,0.007,0.007,0.007,1155,1980
1001,2149,150,150,1000,33.4,296,296,296,0.012,0.012,0.012,1155,2250
1001,2149,150,150,1000,34.6,422,422,422,0.009,0.009,0.009,1155,2370
1400,2149,150,150,1000,27.4,296,296,296,0.016,0.016,0.016,1155,1980
1400,2149,150,150,1000,27.5,422,422,422,0.012,0.012,0.012,1155,2040
1400,2149,150,150,1000,28,528,528,528,0.01,0.01,0.01,1155,2040
1400,2149,150,150,1000,41.8,296,296,296,0.016,0.016,0.016,1155,2280
1400,2149,150,150,1000,43.1,422,422,422,0.012,0.012,0.012,1155,2340
1400,2149,150,150,1000,44.6,528,528,528,0.01,0.01,0.01,1155,2430
500,861,70,80,170,29.5,443,443,443,0.008,0.007,0.021,0,255
500,861,70,80,170,29.5,443,443,443,0.008,0.007,0.021,0,204
500,861,70,80,170,31,443,443,443,0.008,0.007,0.021,0,205
500,861,70,80,170,30.7,443,443,443,0.008,0.006,0.021,0,246
500,861,70,80,170,30.2,443,443,443,0.008,0.006,0.021,0,200
500,861,70,80,170,30.2,443,443,443,0.008,0.006,0.021,0,210
500,861,70,80,170,39.3,443,443,443,0.008,0.006,0.021,0,219
500,861,70,80,170,37,443,443,443,0.008,0.006,0.021,0,205
500,861,70,80,170,34.5,443,443,443,0.008,0.006,0.021,0,210
933,827,67,67,95,19.1,325,325,297,0.01,0.01,0.031,200,400
933,827,67,67,95,19.1,325,325,297,0.01,0.01,0.031,400,488
933,827,67,67,95,16.6,325,325,297,0.01,0.01,0.031,200,381
933,827,67,67,95,16.6,325,325,297,0.01,0.01,0.031,400,469
933,827,67,67,95,16.2,325,325,297,0.01,0.01,0.031,200,394
933,827,67,67,95,16.2,325,325,297,0.01,0.01,0.031,400,473
2019,3076,75,95,3045,21.7,605,605,605,0.008,0.008,0.004,940,1277
2019,3086,75,100,3045,18.8,605,605,605,0.008,0.008,0.004,260,891
1100,879,75,90,375,104,550,402,444,0.005,0.013,0.04,540,845
1100,879,75,90,375,93,550,402,444,0.005,0.013,0.04,954,625
1100,879,75,90,375,86,550,402,444,0.005,0.008,0.04,953,866
1100,879,75,90,375,91,550,402,444,0.005,0.008,0.04,2365,801
1100,879,75,90,375,84,550,402,444,0.008,0.013,0.04,955,745
1100,879,75,90,375,90,550,402,444,0.008,0.013,0.04,550,800
1100,879,75,90,375,102,550,402,444,0.008,0.008,0.04,952,845
750,2250,80,250,250,26,623.7,623.7,358.9,0.00474,0.00493,0.00811,369.72,654.104
750,2250,80,250,250,24.6,623.7,623.7,358.9,0.00135,0.0016,0.00811,367.524,558.979
750,2250,80,250,250,26,623.7,623.7,358.9,0.00135,0.0016,0.00811,369.72,524.656
750,2250,50,250,250,24.6,623.7,623.7,358.9,0.00217,0.00255,0.00811,368.0775,466.797
750,2250,50,250,250,26,623.7,623.7,358.9,0.00758,0.00789,0.00811,368.55,783.551
625,600,30,100,100,23.5,293.2,293.2,208.9,0.00213,0.00231,0.02512,0,49.033
625,600,30,100,100,27.2,293.2,293.2,208.9,0.00213,0.00231,0.02512,29.376,66.195
625,600,30,100,100,26.9,293.2,293.2,208.9,0.00213,0.00231,0.02512,62.946,76.002
625,600,30,100,100,25.7,293.2,293.2,208.9,0.00213,0.00231,0.02512,125.3646,86.299
575,600,30,100,100,18.6,261.8,261.8,212.8,0.00239,0.00238,0.02524,0,34.323
575,600,30,100,100,18.6,261.8,261.8,212.8,0.0024,0.00238,0.02524,0,36.775
625,600,30,100,100,29.9,293.2,293.2,208.9,0.00213,0.00231,0.02524,62.9694,58.84
625,600,30,100,150,25.2,475.6,475.6,276.2,0.00201,0.00209,0.02719,0,72.569
625,600,30,100,150,28.3,475.6,475.6,221.1,0.00201,0.00209,0.02612,41.2614,68.647
625,600,30,100,150,28,475.6,475.6,221.1,0.00201,0.00209,0.02612,82.152,78.453
625,600,30,100,150,29,475.6,475.6,221.1,0.00201,0.00209,0.02612,123.714,101.989
1200,2300,75,250,250,23.2,335.4,335.4,467.8,0.00188,0.00188,0.0255,0,965.955
1200,2300,80,250,250,33,335.4,335.4,467.8,0.00177,0.00177,0.0255,0,931.632
1200,1550,80,250,250,17.4,485.4,485.4,467.8,0.00177,0.00168,0.0255,0,608.012
150,430,30,30,150,22.5,0,0,382.5,0,0,0.0068,0,24.909
150,430,30,30,150,22.5,382.5,382.5,382.5,0.00411,0.0036,0.0068,0,20.692
150,430,30,30,150,16.9,382.5,382.5,382.5,0.00411,0.0036,0.0068,0,17.358
150,430,30,30,150,16.9,333.4,333.4,382.5,0.00418,0.00368,0.0068,0,19.123
150,430,30,30,150,16.9,382.5,382.5,382.5,0.00411,0.0036,0.0068,0,22.751
150,430,30,30,150,16.1,382.5,382.5,382.5,0.00411,0.0036,0.0068,0,19.025
150,430,30,30,150,16.1,382.5,382.5,382.5,0.00411,0.0036,0.0068,0,20.79
150,430,25,30,145,26.5,402.1,402.1,402.1,0.00493,0.00432,0.0071,0,28.439
150,430,23,30,145,17.9,402.1,402.1,402.1,0.00536,0.0047,0.0071,0,24.517
150,430,25,30,145,17.9,323.6,323.6,402.1,0.00501,0.00441,0.0071,0,25.988
150,430,20,30,145,15.4,323.6,323.6,402.1,0.00627,0.00551,0.0071,0,25.988
150,430,23,30,145,19.9,323.6,323.6,402.1,0.00728,0.00702,0.0071,0,29.42
150,430,24,30,145,18.6,323.6,323.6,402.1,0.00697,0.00672,0.0071,0,27.459
355,430,23,30,145,14.2,0,0,407.3,0,0,0.0152,0,18.142
355,430,24,30,145,14.2,0,0,407.3,0,0,0.0152,0,16.377
355,430,27,30,145,14.2,402.1,402.1,407.3,0.00385,0.004,0.0152,0,24.517
355,430,24,30,145,14.2,323.6,323.6,407.3,0.00433,0.0045,0.0152,0,23.536
355,430,22,30,145,16.2,323.6,323.6,407.3,0.00483,0.00501,0.0152,0,20.006
355,430,16,30,145,13.8,323.6,323.6,407.3,0.00664,0.00689,0.0152,0,19.123
355,430,22,30,145,17.9,323.6,323.6,407.3,0.00723,0.00733,0.0152,0,24.713
355,430,22,30,145,16.8,323.6,323.6,407.3,0.00723,0.00733,0.0152,0,25.89
200,420,20,60,60,13.7,0,0,342.8,0,0,0.0179,0,36.677
200,420,20,60,60,13.7,323.6,323.6,342.8,0.00523,0.00523,0.0179,0,48.739
200,420,20,60,60,19.1,0,0,334.5,0,0,0.0318,0,37.265
200,420,20,60,60,18,0,0,334.5,0,0,0.0318,0,37.461
200,420,20,60,60,19.1,323.6,323.6,334.5,0.00523,0.00523,0.0318,0,43.149
200,420,20,60,60,18,323.6,323.6,334.5,0.00523,0.00523,0.0318,0,48.445
200,420,20,60,60,16.7,0,0,294.2,0,0,0.0462,0,35.304
200,420,20,60,60,15.2,0,0,294.2,0,0,0.0462,0,34.323
200,420,20,60,60,15.2,0,0,294.2,0,0,0.0462,0,32.362
200,420,20,60,60,29.4,372.7,372.7,294.2,0.00258,0.00257,0.0308,0,45.111
1200,2300,74,250,250,24.1,549.2,549.2,418.7,0.00184,0.00184,0.0254,0,833.565
1200,2300,83,250,250,25.2,460.9,460.9,418.7,0.00074,0.00074,0.0254,0,804.145
1600,1700,160,170,160,17.3,419.2,407,418.7,0.00263,0.00505,0.0568,0,809.049
1600,1700,160,170,160,20.8,419.2,407,376.6,0.00263,0.00505,0.0568,531.8144,725.692
1600,1700,160,170,160,20.8,421.6,407,376.6,0.00568,0.00505,0.0568,531.8144,813.952
1600,1700,160,170,160,13.7,421.6,407,376.6,0.00568,0.00505,0.0568,532.8752,813.952
1600,1700,160,170,160,14.7,415.2,407,376.6,0.01083,0.00505,0.0568,531.7872,804.145
1600,1700,160,170,160,18.3,415.2,407,376.6,0.01083,0.00505,0.0568,532.6032,912.018
1600,1700,160,170,160,20.8,420.7,407,382.3,0.00611,0.00505,0.0251,531.8144,686.466
1600,1700,160,170,160,13.7,420.7,407,382.3,0.00611,0.00505,0.0251,532.8752,617.819
1600,1700,160,170,160,14.7,415.2,407,382.3,0.01083,0.00505,0.0251,531.7872,706.079
1600,1700,160,170,160,18.3,415.2,407,382.3,0.01083,0.00505,0.0251,532.6032,760.015
1600,850,160,85,160,20.8,421.6,407,380.4,0.00568,0.00404,0.0991,265.9072,321.168
1600,850,160,85,160,17.8,421.6,407,380.4,0.00568,0.00404,0.0991,266.288,333.426
1600,850,160,85,160,17.8,415.2,407,377.6,0.01083,0.00404,0.0844,266.288,323.619
1600,850,160,85,160,23.2,415.2,407,377.6,0.01083,0.00404,0.0844,268.192,367.749
300,420,20,60,40,63.4,0,0,315.8,0,0,0.0701,0,38.638
300,420,40,42,40,63.4,0,0,315.8,0,0,0.1002,0,50.406
450,570,20,60,60,32.1,0,0,367.7,0,0,0.047,0,50.995
450,570,30,60,60,32.2,0,0,367.7,0,0,0.047,0,39.227
450,570,40,60,60,33.3,0,0,367.7,0,0,0.047,0,58.84
450,570,10,60,60,31.9,284.4,284.4,367.7,0.03667,0.03667,0.047,0,46.081
450,570,20,60,60,34.3,284.4,284.4,367.7,0.01833,0.01833,0.047,0,62.763
450,570,20,60,60,30.1,284.4,284.4,367.7,0.01833,0.01833,0.047,0,74.531
450,570,20,60,60,34.9,284.4,284.4,367.7,0.01833,0.01833,0.047,0,62.763
450,570,30,60,60,35.6,284.4,284.4,367.7,0.01222,0.01222,0.047,0,94.144
450,570,30,60,60,34.3,284.4,284.4,367.7,0.01222,0.01222,0.047,0,89.633
450,570,30,60,60,33.8,284.4,284.4,367.7,0.01222,0.01222,0.047,0,86.299
450,570,40,60,60,32.9,284.4,284.4,367.7,0.00917,0.00917,0.047,0,98.067
450,570,40,60,60,35.3,284.4,284.4,367.7,0.00917,0.00917,0.047,0,97.086
450,570,40,60,60,35.8,284.4,284.4,367.7,0.00917,0.00917,0.047,0,101.989
450,570,10,60,60,45.8,294.2,294.2,292.7,0.01833,0.01833,0.047,0,42.659
450,570,10,60,60,43.4,294.2,294.2,292.7,0.01833,0.01833,0.047,0,43.836
450,570,20,60,60,43,294.2,294.2,292.7,0.01833,0.01833,0.047,0,68.647
450,570,20,60,60,48.7,294.2,294.2,292.7,0.01833,0.01833,0.047,0,70.608
450,570,30,60,60,40,294.2,294.2,292.7,0.01222,0.01222,0.047,0,70.608
450,570,30,60,60,46.1,294.2,294.2,292.7,0.01222,0.01222,0.047,0,76.492
450,570,40,60,60,45.3,294.2,294.2,292.7,0.00917,0.00917,0.047,0,78.453
450,570,40,60,60,42.6,294.2,294.2,292.7,0.00917,0.00917,0.047,0,77.473
450,570,10,60,60,46.3,294.2,294.2,292.7,0.02444,0.02444,0.047,0,55.211
450,570,10,60,60,46.9,294.2,294.2,292.7,0.02444,0.02444,0.047,0,57.075
450,570,10,60,60,45.6,294.2,294.2,292.7,0.02444,0.02444,0.047,0,58.055
450,570,20,60,60,43.7,323.6,323.6,292.7,0.02444,0.02444,0.047,0,81.886
450,570,20,60,60,43.9,323.6,323.6,292.7,0.02444,0.02444,0.047,0,76.492
450,570,20,60,60,45.1,323.6,323.6,292.7,0.02444,0.02444,0.047,0,79.924
450,570,30,60,60,45.4,323.6,323.6,292.7,0.0163,0.0163,0.047,0,74.531
450,570,30,60,60,43.1,323.6,323.6,292.7,0.0163,0.0163,0.047,0,83.945
450,570,30,60,60,44.4,323.6,323.6,292.7,0.0163,0.0163,0.047,0,84.533
450,570,40,60,60,43.8,323.6,323.6,292.7,0.01222,0.01222,0.047,0,86.299
450,570,40,60,60,43.1,323.6,323.6,292.7,0.01222,0.01222,0.047,0,78.453
450,570,40,60,60,40.8,323.6,323.6,292.7,0.01222,0.01222,0.047,0,91.888
813,507,67,120,107,30.2,296.2,296.2,260.9,0.01891,0.01966,0.0396,0,101.008
813,507,67,120,107,31.4,296.2,296.2,302,0.01891,0.01966,0.0826,0,161.81
813,507,67,120,107,29.9,296.2,296.2,260.9,0.02583,0.02528,0.0396,0,108.854
813,507,67,120,107,32.2,296.2,296.2,302,0.02583,0.02528,0.0827,0,174.558
813,507,67,120,107,29.7,296.2,296.2,260.9,0.01894,0.01966,0.0396,0,195.152
813,507,67,120,107,28.6,296.2,296.2,302,0.01894,0.01966,0.0826,0,184.365
840,1000,40,80,80,15.8,236.8,236.8,286.1,0.00331,0.00331,0.0083,0,45.111
840,1000,40,80,80,15.8,334.9,334.9,286.1,0.00457,0.00457,0.0083,0,50.504
840,1000,30,80,80,12.3,433,433,294.2,0.00442,0.00442,0.0375,0,74.776
840,1000,30,80,80,12.3,531,531,294.2,0.0061,0.0061,0.0375,0,70.608
1440,3960,120,360,360,20.6,571.7,571.7,397.2,0.00663,0.00663,0.0177,1174.6944,2353.596
1440,3960,120,360,360,20.8,571.7,571.7,397.2,0.00663,0.00663,0.0177,2253.58848,2941.995
1440,3960,120,360,360,21.3,571.7,571.7,397.2,0.00663,0.00663,0.0177,1568.8728,3138.128
1440,3960,120,360,360,19.6,571.7,571.7,397.2,0.00331,0.00331,0.0177,903.45024,1814.23
1440,3960,120,360,360,20.8,571.7,571.7,397.2,0.00333,0.00333,0.0177,958.76352,1912.297
1440,3960,120,360,360,20.5,284.4,284.4,397.2,0.00663,0.00687,0.0177,1071.576,2137.85
1440,3960,120,360,360,19.6,284.4,284.4,397.2,0.00663,0.00687,0.0177,987.27552,1980.943
1440,3960,120,360,360,20.9,397.2,397.2,397.2,0.00742,0.0077,0.0177,1152.07488,2304.563
1200,2720,80,320,320,19.7,353,353,362.8,0.00764,0.00712,0.0174,0,931.632
1200,2720,80,320,320,25.9,353,353,362.8,0.00764,0.00712,0.0174,0,1029.698
1200,2720,160,320,320,29.4,339.4,339.4,362.8,0.00623,0.0058,0.0174,0,1552.393
1200,2720,80,320,320,23.8,353,353,272.2,0.00764,0.00712,0.0648,0,1495.514
1200,2720,160,320,320,29.2,339.4,339.4,272.2,0.00623,0.0058,0.0648,0,2309.466
700,900,100,100,100,30,224.1,224.1,297.1,0.00097,0.00097,0.0503,0,249.089
700,900,100,100,100,28.6,224.1,224.1,297.1,0.00097,0.00097,0.0503,0,200.056
800,800,60,80,60,23.5,433.5,433.5,332.9,0.00233,0.00219,0.0529,0,101.989
800,800,60,80,60,23.5,433.5,433.5,342.9,0.00817,0.00729,0.0588,0,147.1
800,800,60,80,60,23.5,433.5,433.5,342.7,0.00408,0.00438,0.0829,0,135.332
800,800,60,80,60,23.5,433.5,433.5,345.4,0.00817,0.00729,0.0888,0,158.868
800,800,60,80,60,23.5,433.5,433.5,345.4,0.01167,0.01167,0.0888,0,174.558
800,1200,60,120,60,24.5,433.5,433.5,332.9,0.00233,0.00243,0.0353,0,159.848
800,1200,60,120,60,24.5,433.5,433.5,342.9,0.00817,0.00778,0.0392,0,235.36
800,1200,60,120,60,24.5,433.5,433.5,342.7,0.00408,0.00438,0.0553,0,219.669
800,1200,60,120,60,24.5,433.5,433.5,345.4,0.00817,0.00778,0.0592,0,259.876
800,1200,60,120,60,24.5,433.5,433.5,345.4,0.01167,0.01167,0.0592,0,274.586
800,1600,60,160,60,25.5,433.5,433.5,332.9,0.00233,0.00219,0.0265,0,199.075
800,1600,60,160,60,25.5,433.5,433.5,342.9,0.00817,0.00802,0.0294,0,321.56
800,1600,60,160,60,25.5,433.5,433.5,345.4,0.00408,0.00365,0.0444,0,318.716
800,1600,60,160,60,25.5,433.5,433.5,345.4,0.00817,0.00802,0.0444,0,382.459
800,1600,60,160,60,25.5,433.5,433.5,350.9,0.01167,0.01167,0.0473,0,421.686
2000,1000,120,100,120,19.37,392,392,382.5,0.00131,0.00251,0.085,0,198.094
2000,1000,120,100,120,19.56,402,402,382.5,0.00246,0.00251,0.085,0,269.683
2000,1000,120,100,120,19.54,402,402,382.5,0.00381,0.00251,0.10583,0,323.619
1800,1300,120,130,120,17.65,314,314,480.5,0.00131,0.00259,0.06538,0,308.909
1800,1300,120,130,120,17.8,471,471,480.5,0.00246,0.00125,0.06538,0,363.827
1800,1300,120,130,120,15.68,471,471,480.5,0.00246,0.00259,0.06538,0,374.614
1800,1300,100,130,100,17.56,366,366,485,0.00255,0.00255,0.07,0,257.915
1800,1300,80,130,80,16.39,367,367,485,0.0025,0.0025,0.07308,0,186.326
1400,1400,100,140,100,16.26,362,362,482.5,0.00127,0.00255,0.05714,0,234.379
1400,1400,100,140,100,16.99,366,366,482.5,0.00255,0.00127,0.05714,0,304.006
1400,1400,100,140,100,18.14,370,370,482.5,0.00255,0.00255,0.05714,0,288.316
1200,1700,80,170,80,17.09,366,366,482.5,0.00125,0.0025,0.04412,0,255.954
1200,1700,80,170,80,19.04,366,366,482.5,0.0025,0.00125,0.04412,0,367.749
1200,1700,80,170,80,18.84,366,366,482.5,0.0025,0.0025,0.04412,0,361.865
1800,1300,100,130,100,24.19,0,0,482.5,0,0,0.04615,0,257.915
1800,1300,100,130,100,17.23,0,0,482.5,0,0,0.04615,0,221.63
1800,1300,100,130,100,24.22,431,0,482.5,0.0025,0,0.08538,0,333.426
1800,1300,100,130,100,23.92,0,431,482.5,0,0.0025,0.04615,0,232.418
1400,1400,100,140,100,23.92,0,0,482.5,0,0,0.04286,0,352.059
1400,1400,100,140,100,17.7,0,0,482.5,0,0,0.04286,0,261.838
1400,1400,100,140,100,23.86,431,0,482.5,0.0025,0,0.065,0,491.313
1400,1400,100,140,100,23.25,0,431,482.5,0,0.0025,0.04286,0,257.915
1050,1500,80,150,80,23.19,0,0,482.5,0,0,0.05,0,399.131
1050,1500,80,150,80,17.87,0,0,482.5,0,0,0.05,0,355.981
1050,1500,80,150,80,23.14,431,0,482.5,0.0025,0,0.06667,0,391.285
1050,1500,80,150,80,23.25,0,431,482.5,0,0.0025,0.05,0,344.213
475,1325,40,125,125,35.6,286,286,330,0.00312,0.00233,0.0202,0,373
475,1325,40,125,125,30.4,286,286,330,0.00467,0.00467,0.0202,0,370
475,1325,40,125,125,31.5,286,286,330,0.01091,0.00934,0.0202,0,438
475,1325,30,125,125,32.8,286,286,330,0.00623,0.00622,0.0202,0,276
475,1325,20,125,125,30.1,286,286,330,0.00623,0.00467,0.0202,0,211
475,1325,20,125,125,33.7,286,286,330,0.00935,0.00934,0.0202,0,213
1000,2000,100,200,100,24.82,424.7,434.385,434.4,0.0025,0.008,0.008,14.892,573.792
500,2000,100,200,100,22.06,424.7,434.385,434.4,0.0025,0.008,0.008,8.824,680.544
1500,2000,100,200,100,44.99,449.9,449.89875,449.9,0.008,0.008,0.008,0,380.685
1500,1500,100,150,100,44.99,449.9,449.89875,449.9,0.008,0.008,0.008,0,225.405
500,2000,100,200,100,34.99,248.2,479.892,479.9,0.0039,0.008,0.008,0,908.634
1000,2000,100,200,100,34.99,479.9,479.892,479.9,0.008,0.008,0.008,0,529.953
1000,2000,100,200,100,32.99,479.9,479.892,479.9,0.008,0.008,0.008,0,419.755
1000,2000,100,200,100,26.99,479.9,479.892,479.9,0.012,0.008,0.008,0,587.056
1016,1803,50.8,127,190.5,21.79,271,270.9735,324.1,0.0025,0.0025,0.0209,1.995798396,360.288
1016,1803,50.8,127,190.5,23.17,271,270.9735,305.4,0.0025,0.0025,0.0472,2.122195908,453.696
1016,1803,50.8,127,190.5,18.41,393,393.015,296.5,0.005,0.005,0.0209,5.058648252,413.664
1016,1803,50.8,127,190.5,41.16,331,330.96,275.8,0.005,0.005,0.0209,3.769943184,409.216
1016,1803,50.8,127,190.5,26.75,344.8,344.75,344.8,0.005,0.005,0.0209,2.4500967,444.8
1016,1803,50.8,127,190.5,25.58,344.8,344.75,344.8,0.005,0.005,0.0209,2.342933592,404.768
1016,1803,50.8,127,190.5,28.27,344.8,344.75,344.8,0.005,0.005,0.0209,2.589317148,360.288
1016,1803,50.8,127,190.5,22.82,323.4,323.3755,337.9,0.005,0.005,0.0472,2.090138568,471.488
1016,1803,76.2,127,190.5,20.34,313,313.033,295.8,0.0025,0.0025,0.0209,2.794484124,409.216
1016,1803,76.2,127,190.5,14,319.2,319.2385,313.7,0.0025,0.0025,0.0209,3.8468808,400.32
1016,1803,76.2,127,190.5,16.41,306.1,306.138,319.2,0.005,0.005,0.0209,4.509093852,409.216
1016,1803,76.2,127,190.5,17.03,343.4,343.371,318.5,0.005,0.005,0.0209,4.679455716,502.624
1016,1803,76.2,127,190.5,14.41,346.1,346.129,312.3,0.005,0.005,0.0209,3.959539452,427.453
1016,3327,50.8,127,190.5,22.82,360.6,360.6085,320.6,0.005,0.005,0.0209,3.856844712,493.728
1016,3327,50.8,127,190.5,20,348.2,348.1975,335.8,0.005,0.005,0.0209,6.760464,489.28
1016,3327,50.8,127,190.5,19.58,350.3,350.266,318.5,0.005,0.005,0.0209,6.618494256,600.48
952.5,1906,101.6,101.6,609.6,28.96,495.8,543.326,525.4,0.005,0.005,0.0183,28.04046208,1218.307
952.5,1906,101.6,101.6,609.6,16.34,499.2,551.6,486.8,0.005,0.005,0.0646,18.98540678,978.471
952.5,1906,101.6,101.6,609.6,27.03,513,544.705,413.7,0.005,0.005,0.0417,26.17174344,1108.219
952.5,1906,101.6,101.6,609.6,21.24,496.4,496.44,528.8,0.005,0.0025,0.0417,20.56558752,876.345
476.25,1906,101.6,101.6,609.6,25.72,501.3,530.915,539.2,0.005,0.005,0.0417,14.94200314,1139.667
1905,1906,101.6,101.6,609.6,23.44,495.8,527.4675,488.9,0.005,0.005,0.0417,27.23487974,885.552
508,610.4,50.8,101.6,127,20,341.3,341.3025,312.3,0.005,0.005,0.0221,0,88.96
508,915.2,50.8,101.6,127,21.37,341.3,341.3025,312.3,0.005,0.005,0.0221,0,154.79
508,1220,50.8,101.6,127,19.51,341.3,341.3025,312.3,0.005,0.005,0.0221,0,201.494
508,1778.8,50.8,101.6,127,26.2,341.3,341.3025,312.3,0.005,0.005,0.0221,0,293.568
850.9,1727.2,50.8,127,95.25,21.37,341.3,341.3025,312.3,0.005,0.005,0.0419,0,186.816
850.9,1727.2,50.8,127,190.5,20,341.3,341.3025,312.3,0.0025,0.0025,0.0209,0,249.088
850.9,1727.2,50.8,127,190.5,22.06,341.3,341.3025,312.3,0.005,0.005,0.0209,0,462.592
850.9,1727.2,50.8,127,190.5,24.13,341.3,341.3025,312.3,0.005,0.005,0.0209,0,373.632
850.9,1727.2,50.8,127,304.8,22.75,341.3,341.3025,312.3,0.005,0.005,0.0131,0,293.568
508,915.2,44.45,101.6,127,24.82,341.3,341.3025,312.3,0.005,0.005,0.0331,0,204.608
508,915.2,44.45,101.6,127,19.31,341.3,341.3025,312.3,0.0025,0.0025,0.0331,0,137.888
425.45,864.6,25.4,63.5,95.25,21.37,341.3,341.3025,312.3,0.005,0.005,0.0201,0,90.294
425.45,864.6,25.4,63.5,95.25,20.69,341.3,341.3025,312.3,0.005,0.005,0.0201,0,88.96
1276.35,2591.8,76.2,190.5,285.75,20.69,341.3,341.3025,312.3,0.005,0.005,0.02,0,684.992
698.5,1651,50.8,127,127,26.89,341.3,341.3025,312.3,0.005,0.005,0.0176,0,301.13
952.5,1143,50.8,127,127,24.82,341.3,341.3025,312.3,0.005,0.005,0.0496,0,222.4
539.75,1955.8,50.8,127,127,20.69,341.3,341.3025,312.3,0.005,0.005,0.0176,0,373.632
850.9,1727.2,50.8,127,190.5,21.37,341.3,341.3025,312.3,0.005,0.005,0.0209,0,302.464
850.9,1727.2,50.8,127,190.5,20.69,341.3,341.3025,312.3,0.0025,0.0025,0.0209,0,315.808
501.65,1778.8,44.45,101.6,127,21.37,341.3,341.3025,312.3,0.01,0.01,0.0221,0,311.36
501.65,1778.8,44.45,101.6,127,22.75,341.3,341.3025,312.3,0.01,0.01,0.0221,0,366.96
501.65,1778.8,44.45,101.6,127,20.69,341.3,341.3025,312.3,0.015,0.015,0.0221,0,329.152
863.6,1575.5,50.8,120.65,190.5,22.06,358.5,358.54,324.1,0.0025,0.0025,0.0225,0,214.386
863.6,1575.5,50.8,120.65,190.5,21.37,358.5,358.54,324.1,0.0025,0.0025,0.0225,0,178.321
419.1,1644.65,44.45,127,127,19.93,358.5,358.54,324.1,0.0025,0.0025,0.032,0,245.441
419.1,1644.65,44.45,127,127,14.41,358.5,358.54,324.1,0.0025,0.0025,0.032,0,245.441
584.2,1220,50.8,101.6,101.6,16.13,293,293.0375,293,0.005,0.005,0.0275,0,178.321
584.2,1220,50.8,101.6,101.6,16.13,293,293.0375,293,0.005,0.005,0.0275,0,178.321
584.2,1220,50.8,101.6,101.6,16.13,293,293.0375,293,0.005,0.005,0.0275,0,160.288
1905,1905,76.2,190.5,76.2,43.02,413.7,448.175,448.2,0.0027,0.0086,0.0827,12.48965244,519.082
1905,1905,76.2,190.5,76.2,42.47,465.4,448.175,448.2,0.0027,0.0289,0.0289,12.32997534,569.789
1905,1905,76.2,190.5,76.2,43.02,413.7,448.175,448.2,0.01,0.0289,0.0289,12.48965244,679.21
1905,1905,76.2,190.5,76.2,40.34,448.2,448.175,448.2,0,0.0163,0.0163,0,306.551
1905,1905,76.2,190.5,76.2,43.44,455.1,448.175,448.2,0.01,0.0289,0.0289,12.61158768,632.061
508,915.2,44.45,101.6,101.6,35.85,344.8,344.75,317.2,0.0079,0.0079,0.0491,0,273.552
508,915.2,44.45,101.6,101.6,29.65,344.8,344.75,312.3,0.0157,0.0157,0.0491,0,318.032
508,915.2,44.45,101.6,101.6,33.79,344.8,344.75,342.7,0.0079,0.0079,0.0276,0,226.848
508,915.2,44.45,101.6,101.6,34.48,344.8,344.75,342.7,0.0157,0.0157,0.0276,0,284.672
508,915.2,44.45,101.6,101.6,31.72,344.8,344.75,368.9,0.0079,0.0079,0.0551,0,191.264
508,915.2,44.45,101.6,101.6,29.65,344.8,344.75,366.8,0.0157,0.0157,0.0551,0,244.64
1524,1524,152.4,168.28,152.4,25.51,424,424.0425,448.2,0.00278,0.00428,0.03119,53.32402238,633.84
1524,1524,152.4,127,152.4,31.37,424,424.0425,448.2,0.00278,0.004,0.017,51.00144638,453.918
1524,1524,152.4,127,152.4,30.96,424,424.0425,448.2,0.00278,0.004,0.017,50.33486707,491.504
1524,1524,152.4,168.28,152.4,43.71,424,424.0425,448.2,0.00278,0.00428,0.03119,50.75989848,749.933
1219.2,1371.6,152.4,127,152.4,28.27,424,424.0425,424,0.00278,0.00227,0.01333,644.1169827,753.936
1219.2,1371.6,152.4,127,152.4,31.37,424,424.0425,424,0.00278,0.00227,0.01333,708.1915126,820.656
1219.2,1371.6,152.4,127,152.4,31.92,424,424.0425,424,0.00278,0.00227,0.01333,386.9931873,649.408
1219.2,1371.6,152.4,127,152.4,31.99,424,424.0425,424,0.00278,0.00227,0.01333,387.8418566,682.768
1219.2,1371.6,152.4,127,152.4,29.92,424,424.0425,424,0.00278,0.00227,0.01333,56.28809388,405.213
